frame, steps, L_IAS, L_IPS, R_IAS, R_IPS, R_FLE, R_FME, R_FTC, L_FLE, L_FME, L_FTC, R_FAL, R_FAX, R_TAM, R_TTC, L_FAL, L_FAX, L_TAM, L_TTC, R_FCC, R_FM1, R_FM5, L_FCC, L_FM1, L_FM5, LV1, LV3, MAI, SXS, L_SAE, R_SAE, SJN, TV2, R_HLE, R_HME, R_HUM, L_HLE, L_HME, L_HUM, R_RSP, R_USP, L_RSP, L_USP, R_HM2, L_HM2, L_HEAD, R_HEAD, SGL
0, 200, 0.0476545, 0.0506502, 0.0370012, 0.0451271, 0.0586356, 0.045132, 0.130037, 0.0566089, 0.0496504, 0.125462, 0.0473807, 0.046986, 0.030164, 0.0268705, 0.0506423, 0.0543247, 0.0371817, 0.0348348, 0.107597, 0.0409965, 0.0344722, 0.104346, 0.0411299, 0.0338817, 0.193001, 0.176315, 0.210825, 0.17756, 0.0427747, 0.0207869, 0.193852, 0.127435, 0.0412099, 0.0327427, 0.03713, 0.0369413, 0.0250104, 0.0395853, 0.0322007, 0.0493004, 0.0242895, 0.0431634, 0.0316068, 0.0382589, 0.0227886, 0.0215053, 0.0130148
1, 200, 0.042446, 0.0505973, 0.0405445, 0.0471203, 0.0583053, 0.045326, 0.128391, 0.0568803, 0.0493996, 0.127828, 0.0475793, 0.0465966, 0.0306882, 0.0268971, 0.0506528, 0.0546832, 0.0363849, 0.0345028, 0.107651, 0.0425059, 0.031817, 0.104064, 0.0427271, 0.0321295, 0.193572, 0.176711, 0.212195, 0.176803, 0.0388638, 0.0188298, 0.193439, 0.128123, 0.0381916, 0.0318193, 0.0352994, 0.0368157, 0.0281881, 0.0373212, 0.0310103, 0.045056, 0.0256192, 0.0391849, 0.0318626, 0.0391196, 0.0223913, 0.0208925, 0.0123954
